State,County,Town/City,Zip,Overall Score,Home Price,Property Tax,Home Appreciation Rate,Price Per Sqft,Education,Healthcare & Fitness,Weather Grade,Air Quality Index,Commute/Transit Score,Accessibility,Culture/Entertainment,Unemployment Rate,Recent Job Growth,Future Job Growth Index,"Median Household Income ($1,000s)",State Income Tax,Utilities,Food/Groceries,Sales Tax,Transportation Costs,,
MA,Middlesex,Barre,01005,80,"$344,300",1.43%,9.80%,$183.54 ,62,75,53,70,50,23,18,2.80%,-0.03%,71,$97.41 ,5.00%,42,58,6.25%,61,25.4,100.26%
MA,Middlesex,Belchertown,01007,80,"$432,200",1.56%,7.00%,$215.22 ,72,60,58,71,57,30,25,2.40%,-0.76%,72,$99.50 ,5.00%,45,57,6.25%,57,25.7,101.65%
MA,Middlesex,Athol,01331,79,"$285,900",1.31%,10.20%,$172.73 ,43,57,53,74,55,30,24,2.80%,-0.03%,67,$66.99 ,5.00%,45,49,6.25%,55,25.3,100.00%
MA,Middlesex,Ashby,01431,81,"$443,700",1.08%,6.40%,$237.87 ,64,71,55,74,55,21,14,2.50%,0.86%,77,$105.75 ,5.00%,54,59,6.25%,68,26.0,102.51%
MA,Middlesex,Ayer,01432,82,"$512,900",1.17%,8.10%,$291.79 ,71,67,59,69,53,28,19,2.50%,0.86%,81,$99.38 ,5.00%,40,62,6.25%,70,25.9,102.20%
MA,Middlesex,Devens,01434,82,"$609,300",1.08%,7.60%,$329.35 ,81,73,59,76,56,21,18,2.50%,0.86%,69,$106.88 ,5.00%,46,62,6.25%,57,27.0,106.59%
MA,Middlesex,Groton,01450,86,"$718,300",1.08%,8.30%,$305.71 ,96,82,57,71,58,28,23,2.50%,0.86%,79,$186.75 ,5.00%,42,62,6.25%,62,26.9,106.16%
MA,Middlesex,Harvard,01451,82,"$884,800",1.36%,10.80%,$361.86 ,89,70,56,69,61,24,19,2.80%,-0.03%,71,$199.19 ,5.00%,43,71,6.25%,61,25.4,100.29%
MA,Middlesex,Littleton,01460,88,"$689,000",1.08%,8.50%,$328.30 ,87,93,60,69,57,36,27,2.50%,0.86%,80,$151.49 ,5.00%,40,63,6.25%,61,28.2,111.27%
MA,Middlesex,Lunenburg,01462,82,"$518,700",1.56%,9.30%,$255.95 ,73,75,60,70,57,32,24,2.80%,-0.03%,74,$106.47 ,5.00%,54,61,6.25%,64,26.9,106.41%
MA,Middlesex,Pepperell,01463,82,"$493,900",1.08%,7.70%,$227.79 ,72,72,54,71,54,28,18,2.50%,0.86%,77,$124.05 ,5.00%,53,61,6.25%,67,25.8,101.92%
MA,Middlesex,Shirley,01464,82,"$485,100",1.28%,7.80%,$244.07 ,58,72,59,74,62,23,16,2.50%,0.86%,82,$114.12 ,5.00%,54,61,6.25%,56,26.7,105.52%
MA,Middlesex,Templeton,01468,79,"$354,900",1.33%,9.00%,$204.72 ,51,68,51,76,50,21,14,2.80%,-0.03%,76,$106.58 ,5.00%,47,57,6.25%,59,25.5,100.78%
MA,Middlesex,Townsend,01469,82,"$417,200",1.08%,8.40%,$215.75 ,65,69,59,76,55,27,20,2.50%,0.86%,77,$100.40 ,5.00%,56,60,6.25%,64,27.1,107.03%
MA,Middlesex,NOT RECOGNIZED,01470,,,,,,,,,,,,,,,,,,,,,,0.0,0.00%
MA,Middlesex,NOT RECOGNIZED,01471,,,,,,,,,,,,,,,,,,,,,,0.0,0.00%
MA,Middlesex,NOT RECOGNIZED,01472,,,,,,,,,,,,,,,,,,,,,,0.0,0.00%
MA,Middlesex,Northborough,01532,85,"$643,900",1.32%,10.20%,$327.33 ,79,67,58,67,59,45,36,2.80%,-0.03%,72,$160.80 ,5.00%,39,60,6.25%,53,26.4,104.42%
MA,Middlesex,Sterling,01564,82,"$523,200",1.41%,8.90%,$269.28 ,84,71,60,72,57,26,18,2.80%,-0.03%,69,$131.06 ,5.00%,44,60,6.25%,53,26.7,105.25%
MA,Middlesex,Framingham,01701,90,"$618,000",1.19%,7.70%,$352.03 ,89,77,59,69,58,63,60,2.50%,0.86%,77,$124.53 ,5.00%,44,66,6.25%,64,28.7,113.16%
MA,Middlesex,Framingham,01702,89,"$469,800",1.20%,9.20%,$203.40 ,66,68,61,67,58,66,59,2.50%,0.86%,80,$76.64 ,5.00%,50,57,6.25%,57,28.2,111.44%
MA,Middlesex,NOT RECOGNIZED,01703,,,,,,,,,,,,,,,,,,,,,,0.0,0.00%
MA,Middlesex,NOT RECOGNIZED,01704,,,,,,,,,,,,,,,,,,,,,,0.0,0.00%
MA,Middlesex,NOT RECOGNIZED,01705,,,,,,,,,,,,,,,,,,,,,,0.0,0.00%
MA,Middlesex,Village of Nagog Woods,01718,85,"$464,200",1.08%,8.80%,$304.85 ,96,76,59,68,65,22,10,2.50%,0.86%,75,$121.30 ,5.00%,48,61,6.25%,56,25.9,102.38%
MA,Middlesex,BoxBorough ,01719,86,"$725,700",1.08%,10.20%,$383.51 ,96,83,59,75,60,24,13,2.50%,0.86%,82,$151.21 ,5.00%,44,66,6.25%,66,27.6,109.19%
MA,Middlesex,Acton ,01720,91,"$816,400",1.08%,9.20%,$398.90 ,97,80,60,74,60,57,46,2.50%,0.86%,79,$151.34 ,5.00%,47,67,6.25%,63,29.4,116.30%
MA,Middlesex,Ashland,01721,88,"$605,100",1.08%,8.60%,$297.05 ,92,81,60,73,61,40,26,2.50%,0.86%,80,$124.31 ,5.00%,45,62,6.25%,67,28.3,111.80%
MA,Middlesex,Bedford,01730,87,"$986,900",1.08%,9.60%,$477.58 ,96,74,57,68,58,39,33,2.50%,0.86%,79,$143.42 ,5.00%,44,74,6.25%,53,26.5,104.83%
MA,Middlesex,Hansom AFB,01731,82,"$834,900",1.08%,7.60%,$318.23 ,86,75,59,69,64,22,11,2.50%,0.86%,73,$71.25 ,5.00%,48,69,6.25%,45,26.0,102.78%
MA,Middlesex,Bolton,01740,82,"$813,200",1.36%,7.80%,$306.54 ,89,68,59,66,56,25,21,2.80%,-0.03%,72,$191.21 ,5.00%,44,67,6.25%,64,25.3,99.77%
MA,Middlesex,Carlisle,01741,84,"$1,280,000",1.08%,8.30%,$358.10 ,97,71,60,73,57,23,15,2.50%,0.86%,79,$247.66 ,5.00%,44,74,6.25%,67,26.6,105.18%
MA,Middlesex,Concord,01742,90,"$1,350,000",1.08%,10.20%,$499.86 ,96,75,58,69,64,54,60,2.50%,0.86%,79,$183.66 ,5.00%,45,78,6.25%,60,27.8,109.92%
MA,Middlesex,Fayville,01745,78,"$760,300",1.36%,9.10%,$454.32 ,67,75,60,66,52,20,10,2.80%,-0.03%,64,$162.35 ,5.00%,45,63,6.25%,54,25.6,100.91%
MA,Middlesex,Holliston,01746,86,"$645,800",1.08%,8.80%,$301.10 ,93,76,59,71,56,33,24,2.50%,0.86%,80,$149.61 ,5.00%,45,60,6.25%,68,27.1,106.98%
MA,Middlesex,Hopedale,01747,80,"$496,300",1.41%,8.20%,$255.05 ,72,70,59,64,58,26,18,2.80%,-0.03%,69,$120.75 ,5.00%,45,62,6.25%,64,25.1,99.22%
MA,Middlesex,Hopkinton,01748,86,"$884,400",1.08%,6.90%,$370.02 ,96,77,59,71,60,35,24,2.50%,0.86%,81,$191.44 ,5.00%,44,67,6.25%,69,27.3,107.72%
MA,Middlesex,Hudson,01749,86,"$512,300",1.08%,8.90%,$290.37 ,70,75,60,71,54,46,37,2.50%,0.86%,78,$103.09 ,5.00%,45,64,6.25%,55,28.0,110.43%
MA,Middlesex,Marlborough ,01752,92,"$539,600",1.08%,8.60%,$296.26 ,69,74,61,71,57,83,69,2.50%,0.86%,78,$94.20 ,5.00%,42,60,6.25%,56,30.3,119.66%
MA,Middlesex,Maynard,01754,86,"$524,500",1.08%,9.20%,$292.78 ,80,76,58,68,60,36,23,2.50%,0.86%,80,$112.52 ,5.00%,45,59,6.25%,57,26.6,105.18%
MA,Middlesex,Natick,01760,97,"$835,300",1.14%,11.10%,$410.84 ,96,77,61,68,65,100,84,2.50%,0.86%,80,$133.62 ,5.00%,43,70,6.25%,65,31.0,122.56%
MA,Middlesex,Sherborn,01770,85,"$1,170,000",1.08%,6.60%,$397.10 ,97,91,59,71,63,22,14,2.50%,0.86%,78,$242.69 ,5.00%,46,80,6.25%,65,27.4,108.12%
MA,Middlesex,Lincoln,01773,87,"$1,360,000",1.08%,9.10%,$165.87 ,96,95,62,69,62,22,31,2.50%,0.86%,81,$185.29 ,5.00%,44,79,6.25%,66,27.7,109.54%
MA,Middlesex,Stow,01775,87,"$778,400",1.08%,9.00%,$352.76 ,96,84,58,72,56,27,24,2.50%,0.86%,80,$166.83 ,5.00%,44,65,6.25%,61,27.3,107.64%
MA,Middlesex,Sudbury,01776,88,"$1,020,000",1.08%,8.50%,$366.23 ,96,80,61,70,58,43,34,2.50%,0.86%,79,$234.43 ,5.00%,46,71,6.25%,62,28.1,110.89%
MA,Middlesex,Cochituate,01778,87,"$1,070,000",1.08%,10.80%,$423.14 ,96,80,60,68,57,36,28,2.50%,0.86%,79,$207.72 ,5.00%,49,76,6.25%,63,27.2,107.33%
MA,Middlesex,Woburn,01801,94,"$697,000",1.08%,6.80%,$416.90 ,73,79,61,66,60,97,83,2.50%,0.86%,76,$104.78 ,5.00%,38,65,6.25%,57,30.6,121.04%
MA,Middlesex,Burlington,01803,94,"$802,600",9.00%,8.90%,$266.64 ,84,72,59,71,58,87,70,2.50%,0.86%,80,$134.19 ,5.00%,68,71,6.25%,55,30.1,118.98%
MA,Middlesex,NOT RECOGNIZED,01805,,,,,,,,,,,,,,,,,,,,,,0.0,0.00%
MA,Middlesex,Andover,01810,90,"$849,400",1.14%,9.00%,$309.37 ,90,72,62,63,63,61,60,2.90%,0.71%,78,$162.69 ,5.00%,38,71,6.25%,67,27.7,109.21%
MA,Essex,NOT RECOGNIZED,01811,,,,,,,,,,,,,,,,,,,,,,0.0,0.00%
MA,Middlesex,NOT RECOGNIZED,01812,,,,,,,,,,,,,,,,,,,,,,0.0,0.00%
MA,Middlesex,NOT RECOGNIZED,01813,,,,,,,,,,,,,,,,,,,,,,0.0,0.00%
MA,Middlesex,NOT RECOGNIZED,01815,,,,,,,,,,,,,,,,,,,,,,0.0,0.00%
MA,Middlesex,Billerica,01821,85,"$618,000",1.11%,7.30%,$258.32 ,64,70,59,68,61,44,35,2.50%,0.86%,79,$138.40 ,5.00%,40,66,6.25%,56,26.9,106.16%
MA,Middlesex,NOT RECOGNIZED,01822,,,,,,,,,,,,,,,,,,,,,,0.0,0.00%
MA,Middlesex,Chelmsford,01824,88,"$662,300",1.08%,9.20%,$378.78 ,86,66,57,59,57,57,50,2.50%,0.86%,79,$137.78 ,5.00%,45,64,6.25%,58,25.6,101.28%
MA,Middlesex,Dracut,01826,85,"$500,000",1.12%,8.20%,$314.82 ,57,67,57,68,58,48,40,2.50%,0.86%,80,$102.34 ,5.00%,45,62,6.25%,59,26.6,105.23%
MA,Middlesex,Dunstable,01827,83,"$723,900",1.08%,7.40%,$240.97 ,89,73,58,69,56,20,13,2.50%,0.86%,78,$193.58 ,5.00%,45,69,6.25%,61,25.6,101.22%
MA,Essex,Haverhill,01830,82,"$513,700",1.17%,7.00%,$206.19 ,50,52,57,58,63,44,38,2.90%,0.71%,80,$72.20 ,5.00%,48,60,6.25%,58,23.8,93.96%
MA,Essex,NOT RECOGNIZED,01831,,,,,,,,,,,,,,,,,,,,,,0.0,0.00%
MA,Essex,Haverhill,01832,83,"$465,200",1.15%,7.90%,$266.59 ,55,61,56,63,63,43,44,2.90%,0.71%,77,$78.15 ,5.00%,47,57,6.25%,55,25.0,98.68%
MA,Essex,Georgetown,01833,82,"$689,300",1.19%,7.70%,$335.52 ,83,62,56,66,54,26,24,2.90%,0.71%,77,$148.81 ,5.00%,46,61,6.25%,64,24.5,96.79%
MA,Essex,Groveland,01834,82,"$612,400",1.32%,8.20%,$262.53 ,77,63,57,66,59,27,17,2.90%,0.71%,77,$131.95 ,5.00%,44,60,6.25%,55,24.8,97.86%
MA,Essex,Haverhill,01835,81,"$459,300",1.11%,6.90%,$253.55 ,60,64,56,66,57,34,22,2.90%,0.71%,72,$102.16 ,5.00%,44,60,6.25%,61,25.1,99.23%
MA,Essex,Lawrence,01840,82,"$226,600",1.14%,9.40%,$27.25 ,38,49,63,53,65,48,40,2.90%,0.71%,81,$30.70 ,5.00%,44,46,6.25%,60,23.9,94.32%
MA,Essex,Lawrence,01841,81,"$395,600",1.14%,8.80%,$149.06 ,38,53,62,60,63,39,29,2.90%,0.71%,78,$51.57 ,5.00%,44,58,6.25%,54,24.6,97.15%
MA,Essex,NOT RECOGNIZED,01842,,,,,,,,,,,,,,,,,,,,,,0.0,0.00%
MA,Essex,Lawrence,01843,83,"$438,800",0.93%,8.50%,$159.21 ,39,58,64,59,62,47,39,2.90%,0.71%,77,$72.63 ,5.00%,45,57,6.25%,54,25.5,100.83%
MA,Essex,Methuen,01844,85,"$500,700",1.09%,7.10%,$252.95 ,53,60,64,63,58,59,51,2.90%,0.71%,77,$93.74 ,5.00%,46,57,6.25%,57,27.1,106.83%
MA,Essex,North Andover,01845,89,"$693,100",1.21%,7.60%,$294.70 ,87,67,60,65,60,61,54,2.90%,0.71%,79,$131.85 ,5.00%,41,68,6.25%,58,27.4,108.11%
MA,Middlesex,NOT RECOGNIZED,01850,,,,,,,,,,,,,,,,,,,,,,0.0,0.00%
MA,Middlesex,Lowell,01851,83,"$482,800",1.13%,10.00%,$204.50 ,53,63,57,61,60,46,34,2.50%,0.86%,77,$79.33 ,5.00%,47,55,6.25%,55,25.1,99.17%
MA,Middlesex,Lowell,01852,91,"$400,100",1.19%,9.40%,$202.68 ,56,62,56,64,61,80,100,2.50%,0.86%,78,$76.27 ,5.00%,45,56,6.25%,55,27.5,108.50%
MA,Middlesex,NOT RECOGNIZED,01853,,,,,,,,,,,,,,,,,,,,,,0.0,0.00%
MA,Middlesex,Lowell,01854,84,"$437,400",1.13%,10.50%,$225.56 ,49,61,57,66,62,42,39,2.50%,0.86%,80,$66.65 ,5.00%,45,59,6.25%,59,25.6,100.96%
MA,Essex,Merrimac ,01860,80,"$602,300",1.14%,7.40%,$285.56 ,72,63,58,61,55,25,16,2.90%,0.71%,78,$100.32 ,5.00%,47,61,6.25%,61,24.0,94.68%
MA,Middlesex,North Billerica,01862,84,"$701,400",1.23%,8.70%,$341.20 ,62,71,59,69,59,36,28,2.50%,0.86%,81,$125.16 ,5.00%,46,59,6.25%,58,26.6,105.14%
MA,Middlesex,North Chelmsford,01863,84,"$515,100",1.08%,10.50%,$361.97 ,85,76,57,66,58,28,18,2.50%,0.86%,76,$128.68 ,5.00%,46,58,6.25%,66,25.7,101.38%
MA,Middlesex,North Reading,01864,86,"$806,000",1.08%,7.60%,$412.62 ,86,75,60,71,59,40,27,2.50%,0.86%,78,$141.44 ,5.00%,39,71,6.25%,68,27.6,108.98%
MA,Middlesex,NOT RECOGNIZED,01865,,,,,,,,,,,,,,,,,,,,,,0.0,0.00%
MA,Middlesex,NOT RECOGNIZED,01866,,,,,,,,,,,,,,,,,,,,,,0.0,0.00%
MA,Middlesex,Reading,01867,89,"$820,900",1.26%,11.70%,$377.22 ,92,81,61,66,63,47,36,2.50%,0.86%,79,$154.51 ,5.00%,41,69,6.25%,62,27.7,109.50%
MA,Middlesex,Tewksbury,01876,87,"$620,300",1.08%,8.50%,$347.52 ,71,73,63,73,56,49,42,2.50%,0.86%,79,$120.89 ,5.00%,40,60,6.25%,57,28.8,113.66%
MA,Middlesex,Tyngsboro,01879,85,"$557,200",1.08%,8.40%,$281.15 ,76,72,56,70,57,35,27,2.50%,0.86%,79,$140.90 ,5.00%,48,60,6.25%,57,26.4,104.09%
MA,Middlesex,Wakefiled,01880,88,"$734,900",1.08%,7.80%,$362.50 ,81,70,60,68,63,58,42,2.50%,0.86%,79,$125.70 ,5.00%,37,69,6.25%,59,27.9,110.10%
MA,Essex,NOT RECOGNIZED,01885,,,,,,,,,,,,,,,,,,,,,,0.0,0.00%
MA,Middlesex,Westford,01886,89,"$731,600",1.08%,9.30%,$345.97 ,96,79,57,72,57,48,40,2.50%,0.86%,80,$174.42 ,5.00%,42,70,6.25%,56,28.1,110.87%
MA,Middlesex,Wilmington,01887,87,"$642,700",1.13%,8.10%,$385.97 ,73,74,59,70,59,53,39,2.50%,0.86%,79,$151.03 ,5.00%,40,70,6.25%,61,28.0,110.64%
MA,Middlesex,NOT RECOGNIZED,01888,,,,,,,,,,,,,,,,,,,,,,0.0,0.00%
MA,Middlesex,NOT RECOGNIZED,01889,,,,,,,,,,,,,,,,,,,,,,0.0,0.00%
MA,Middlesex,Winchester,01890,88,"$1,480,000",1.08%,9.30%,$545.67 ,96,81,59,67,68,44,36,2.50%,0.86%,79,$208.53 ,5.00%,42,77,6.25%,61,27.4,108.29%
MA,Middlesex,NOT RECOGNIZED,01899,,,,,,,,,,,,,,,,,,,,,,0.0,0.00%
MA,Essex,Lynn,01901,85,"$371,300",1.22%,7.10%,$389.79 ,61,48,59,56,88,39,42,2.90%,0.71%,89,$20.70 ,5.00%,45,58,6.25%,65,23.2,91.58%
MA,Essex,Lynn,01902,80,"$490,200",1.07%,6.20%,$219.24 ,41,51,59,59,70,41,36,2.90%,0.71%,74,$59.45 ,5.00%,42,56,6.25%,68,24.0,94.77%
MA,Essex,NOT RECOGNIZED,01903,,,,,,,,,,,,,,,,,,,,,,0.0,0.00%
MA,Essex,Lynn,01904,80,"$526,400",1.19%,6.50%,$330.72 ,53,56,58,62,66,36,28,2.90%,0.71%,72,$94.81 ,5.00%,38,60,6.25%,62,24.4,96.22%
MA,Essex,Lynn,01905,82,"$489,800",1.09%,7.60%,$254.88 ,41,54,58,63,73,44,31,2.90%,0.71%,79,$74.79 ,5.00%,42,57,6.25%,65,24.9,98.29%
MA,Essex,Saugus,01906,88,"$629,000",0.94%,6.30%,$315.75 ,51,62,59,66,68,71,65,2.90%,0.71%,77,$96.06 ,5.00%,37,66,6.25%,64,27.7,109.34%
MA,Essex,Swampscott,01907,85,"$730,200",1.25%,6.60%,$332.92 ,80,68,64,64,68,42,34,2.90%,0.71%,77,$116.16 ,5.00%,39,64,6.25%,71,26.7,105.41%
MA,Essex,Nahant,01908,83,"$832,600",0.96%,11.80%,$385.97 ,78,63,64,67,66,26,19,2.90%,0.71%,75,$105.87 ,5.00%,43,70,6.25%,73,25.9,102.25%
MA,Essex,NOT RECOGNIZED,01910,,,,,,,,,,,,,,,,,,,,,,0.0,0.00%
MA,Essex,Amesbury,01913,83,"$553,000",1.14%,7.80%,$323.67 ,69,59,57,61,56,40,33,2.90%,0.71%,78,$91.01 ,5.00%,46,59,6.25%,60,24.5,96.72%
MA,Essex,Beverly,01915,93,"$710,100",1.13%,7.90%,$327.98 ,73,63,58,62,69,92,87,2.90%,0.71%,79,$98.47 ,5.00%,40,66,6.25%,52,28.2,111.48%
MA,Essex,Boxford,01921,81,"$1,020,000",1.14%,7.90%,$339.88 ,91,58,56,64,54,24,17,2.90%,0.71%,77,$203.75 ,5.00%,44,70,6.25%,66,23.8,94.00%
MA,Essex,Byfield,01922,80,"$811,400",0.98%,8.20%,$328.63 ,87,64,57,64,59,20,12,2.90%,0.71%,63,$197.58 ,5.00%,47,65,6.25%,48,24.1,95.12%
MA,Essex,Danvers,01923,89,"$620,200",1.08%,7.50%,$314.38 ,66,64,59,62,57,76,65,2.90%,0.71%,77,$116.64 ,5.00%,43,62,6.25%,55,27.5,108.44%
MA,Essex,Essex,01929,84,"$836,900",1.14%,9.40%,$380.72 ,84,65,57,68,67,27,21,2.90%,0.71%,76,$133.03 ,5.00%,39,70,6.25%,54,25.2,99.66%
MA,Essex,Gloucester,01930,93,"$712,000",1.10%,9.30%,$390.89 ,63,64,58,73,62,82,98,2.90%,0.71%,76,$84.47 ,5.00%,38,61,6.25%,50,29.5,116.49%
MA,Essex,NOT RECOGNIZED,01931,,,,,,,,,,,,,,,,,,,,,,0.0,0.00%
MA,Essex,NOT RECOGNIZED,01936,,,,,,,,,,,,,,,,,,,,,,0.0,0.00%
MA,Essex,Danvers,01937,77,"$757,700",1.14%,7.30%,$369.26 ,85,51,63,64,52,20,10,2.90%,0.71%,60,$94.38 ,5.00%,41,65,6.25%,57,24.1,95.25%
MA,Essex,Ipswich,01938,86,"$711,900",1.16%,9.00%,$311.33 ,76,68,59,69,61,42,42,2.90%,0.71%,77,$123.27 ,5.00%,40,64,6.25%,54,26.8,105.83%
MA,Middlesex,Lynnfield,01940,85,"$1,010,000",1.13%,8.70%,$349.84 ,89,68,59,64,57,37,27,2.90%,0.71%,81,$157.96 ,5.00%,41,69,6.25%,65,25.7,101.36%
MA,Essex,Manchester,01944,86,"$1,110,000",1.14%,10.00%,$336.88 ,94,78,59,71,74,30,19,2.90%,0.71%,77,$209.05 ,5.00%,42,77,6.25%,66,27.0,106.77%
MA,Essex,Marblehead,01945,89,"$907,900",1.14%,7.30%,$424.23 ,90,75,64,68,64,54,48,2.90%,0.71%,76,$163.56 ,5.00%,39,74,6.25%,66,28.5,112.68%
MA,Essex,Middleton,01949,83,"$753,900",1.18%,6.60%,$320.47 ,77,63,64,65,58,34,22,2.90%,0.71%,80,$168.25 ,5.00%,43,67,6.25%,57,26.0,102.87%
MA,Essex,Newburyport,01950,90,"$772,000",1.07%,8.90%,$434.67 ,87,63,56,66,61,68,66,2.90%,0.71%,76,$127.31 ,5.00%,44,70,6.25%,57,27.1,107.16%
MA,Essex,Newbury,01951,85,"$902,000",1.14%,9.50%,$422.44 ,79,64,60,70,68,23,20,2.90%,0.71%,89,$163.08 ,5.00%,41,65,6.25%,55,25.7,101.46%
MA,Essex,Salisbury,01952,82,"$524,600",1.02%,7.70%,$304.89 ,54,55,58,67,59,39,35,2.90%,0.71%,79,$97.24 ,5.00%,45,61,6.25%,60,25.3,99.94%
MA,Essex,Peabody,01960,91,"$604,600",0.93%,6.50%,$318.98 ,55,62,58,63,63,95,86,2.90%,0.71%,76,$91.03 ,5.00%,42,66,6.25%,54,28.5,112.60%
MA,Essex,NOT RECOGNIZED,01961,,,,,,,,,,,,,,,,,,,,,,0.0,0.00%
MA,Essex,NOT RECOGNIZED,01965,,,,,,,,,,,,,,,,,,,,,,0.0,0.00%
MA,Essex,Rockport,01966,86,"$757,300",0.92%,9.80%,$438.19 ,77,68,59,69,65,42,34,2.90%,0.71%,77,$95.09 ,5.00%,43,72,6.25%,56,26.8,105.83%
MA,Essex,Rowley,01969,81,"$709,000",1.27%,7.20%,$277.94 ,69,62,59,63,59,31,24,2.90%,0.71%,77,$135.40 ,5.00%,41,69,6.25%,62,24.8,97.75%
MA,Essex,Salem,01970,93,"$571,900",1.28%,6.50%,$326.62 ,66,61,65,67,70,96,100,2.90%,0.71%,76,$79.27 ,5.00%,42,61,6.25%,62,30.2,119.17%
MA,Essex,NOT RECOGNIZED,01971,,,,,,,,,,,,,,,,,,,,,,0.0,0.00%
MA,Essex,South Hamilton,01982,84,"$836,400",1.14%,8.60%,$365.03 ,90,74,60,70,64,27,18,2.90%,0.71%,76,$139.25 ,5.00%,41,71,6.25%,57,26.6,104.95%
MA,Essex,Topsfield,01983,83,"$903,300",1.14%,8.00%,$375.40 ,84,69,61,62,57,29,19,2.90%,0.71%,78,$162.73 ,5.00%,42,66,6.25%,65,25.2,99.52%
MA,Essex,Wenham,01984,83,"$991,200",1.14%,10.80%,$394.63 ,90,64,57,65,62,26,16,2.90%,0.71%,78,$181.98 ,5.00%,41,67,6.25%,51,24.6,97.22%
MA,Essex,West Newbury,01985,83,"$833,400",1.19%,7.70%,$307.28 ,78,80,57,70,60,24,16,2.90%,0.71%,77,$181.13 ,5.00%,43,65,6.25%,67,26.3,104.04%
MA,Plymouth,NOT RECOGNIZED,02018,,,,,,,,,,,,,,,,,,,,,,0.0,0.00%
MA,Norfolk,Bellingham,02019,82,"$498,100",1.17%,7.60%,$278.38 ,64,65,56,70,44,43,34,2.60%,0.91%,76,$116.15 ,5.00%,44,63,6.25%,79,26.4,104.25%
MA,Plymouth,NOT RECOGNIZED,02020,,,,,,,,,,,,,,,,,,,,,,0.0,0.00%
MA,Norfolk,Canton,02021,87,"$686,100",0.99%,8.10%,$248.46 ,86,65,56,69,55,55,49,2.60%,0.91%,78,$130.13 ,5.00%,41,65,6.25%,83,27.0,106.49%
MA,Norfolk,Cohasset,02025,86,"$1,250,000",1.12%,9.50%,$412.40 ,95,63,64,75,65,39,37,2.60%,0.91%,79,$178.01 ,5.00%,42,78,6.25%,90,28.0,110.59%
MA,Norfolk,Dedham,02026,87,"$677,700",1.15%,6.40%,$379.79 ,79,62,54,62,54,70,66,2.60%,0.91%,77,$119.88 ,5.00%,47,69,6.25%,84,26.2,103.65%
MA,Norfolk,NOT RECOGNIZED,02027,,,,,,,,,,,,,,,,,,,,,,0.0,0.00%
MA,Norfolk,Dover,02030,82,"$1,550,000",1.12%,4.80%,$346.58 ,97,81,58,69,50,22,17,2.60%,0.91%,78,$250.00 ,5.00%,41,87,6.25%,82,26.3,103.72%
MA,Norfolk,East Walpole,02032,83,"$727,400",1.20%,8.50%,$396.57 ,87,67,61,67,55,28,18,2.60%,0.91%,78,$170.17 ,5.00%,40,62,6.25%,84,25.8,102.03%
MA,Norfolk,Foxboro,02035,85,"$640,000",1.23%,6.60%,$352.06 ,79,67,61,73,46,50,44,2.60%,0.91%,79,$104.35 ,5.00%,38,60,6.25%,83,28.2,111.24%
MA,Norfolk,Franklin,02038,87,"$631,500",1.26%,6.90%,$315.50 ,86,70,56,72,47,58,49,2.60%,0.91%,80,$138.06 ,5.00%,46,63,6.25%,87,28.0,110.43%
MA,Plymouth,NOT RECOGNIZED,02040,,,,,,,,,,,,,,,,,,,,,,0.0,0.00%
MA,Plymouth,NOT RECOGNIZED,02041,,,,,,,,,,,,,,,,,,,,,,0.0,0.00%
MA,Plymouth,Hingham,02043,88,"$1,180,000",1.30%,8.70%,$467.07 ,89,70,63,66,60,66,58,2.80%,0.69%,78,$170.33 ,5.00%,44,78,6.25%,87,28.5,112.43%
MA,Plymouth,NOT RECOGNIZED,02044,,,,,,,,,,,,,,,,,,,,,,0.0,0.00%
MA,Plymouth,Hull,02045,82,"$645,600",1.30%,7.20%,$366.84 ,67,65,62,66,54,39,36,2.80%,0.69%,74,$128.02 ,5.00%,45,63,6.25%,85,26.4,104.10%
MA,Plymouth,Humarock,02047,77,"$935,600",1.30%,7.30%,$622.13 ,56,69,61,69,36,20,10,2.80%,0.69%,80,$105.39 ,5.00%,43,50,6.25%,83,25.8,101.92%
MA,Plymouth,Marshfield,02050,85,"$685,800",1.10%,9.30%,$285.57 ,80,64,60,72,45,49,48,2.80%,0.69%,76,$118.63 ,5.00%,45,61,6.25%,84,27.6,109.02%
MA,Plymouth,NOT RECOGNIZED,02051,,,,,,,,,,,,,,,,,,,,,,0.0,0.00%
MA,Norfolk,Medfield,02052,84,"$953,500",1.12%,9.90%,$390.60 ,95,71,61,71,51,36,25,2.60%,0.91%,76,$215.10 ,5.00%,50,75,6.25%,89,27.2,107.58%
MA,Norfolk,Medway,02053,83,"$603,100",1.12%,6.90%,$292.08 ,89,65,60,72,42,36,25,2.60%,0.91%,76,$165.61 ,5.00%,48,60,6.25%,92,26.9,106.14%
MA,Middlesex,Millis-Clicquot,02054,81,"$596,900",1.12%,7.60%,$286.37 ,83,59,57,69,44,30,22,2.60%,0.91%,75,$140.82 ,5.00%,50,63,6.25%,77,25.2,99.52%
MA,Plymouth,NOT RECOGNIZED,02055,,,,,,,,,,,,,,,,,,,,,,0.0,0.00%
MA,Norfolk,Norfolk,02056,83,"$688,600",1.12%,5.80%,$314.76 ,89,66,62,73,53,28,19,2.60%,0.91%,79,$182.72 ,5.00%,44,63,6.25%,90,26.9,106.26%
MA,Plymouth,NOT RECOGNIZED,02059,,,,,,,,,,,,,,,,,,,,,,0.0,0.00%
MA,Plymouth,NOT RECOGNIZED,02060,,,,,,,,,,,,,,,,,,,,,,0.0,0.00%
MA,Plymouth,Norwell,02061,83,"$909,900",1.30%,8.00%,$374.62 ,87,61,64,68,48,41,33,2.80%,0.69%,77,$179.78 ,5.00%,45,72,6.25%,86,26.8,106.01%
MA,Norfolk,Norwood,02062,88,"$634,500",0.96%,8.70%,$378.70 ,77,61,55,70,53,77,56,2.60%,0.91%,77,$98.65 ,5.00%,44,67,6.25%,82,28.1,110.86%
MA,Plymouth,NOT RECOGNIZED,02065,,,,,,,,,,,,,,,,,,,,,,0.0,0.00%
MA,Plymouth,Scituate,02066,85,"$941,900",1.19%,9.20%,$423.90 ,86,65,64,74,54,43,35,2.80%,0.69%,74,$127.26 ,5.00%,44,69,6.25%,84,28.2,111.41%
MA,Norfolk,Sharon,02067,85,"$793,800",1.12%,9.60%,$356.42 ,95,70,54,70,62,34,26,2.60%,0.91%,77,$181.55 ,5.00%,40,71,6.25%,94,25.9,102.21%
MA,Norfolk,NOT RECOGNIZED,02070,,,,,,,,,,,,,,,,,,,,,,0.0,0.00%
MA,Plymouth,South Walpole,02071,79,"$757,100",1.12%,7.60%,$408.73 ,81,65,62,71,45,20,10,2.60%,9.10%,63,$200.50 ,5.00%,43,63,6.25%,82,26.0,102.78%
MA,Norfolk,Stoughton,02072,84,"$532,000",1.28%,7.30%,$298.80 ,66,62,61,68,49,58,47,2.60%,0.91%,78,$98.15 ,5.00%,46,63,6.25%,83,27.5,108.65%
MA,Plymouth,Walpole,02081,85,"$702,800",1.19%,8.00%,$381.28 ,83,69,60,72,50,44,34,2.60%,0.91%,81,$141.60 ,5.00%,40,69,6.25%,86,27.6,109.08%
MA,Middlesex,Westwood,02090,85,"$987,100",1.12%,10.60%,$396.93 ,95,70,55,66,61,39,26,2.60%,0.91%,78,$192.89 ,5.00%,45,73,6.25%,87,25.7,101.38%
MA,Norfolk,Wrentham,02093,84,"$708,000",1.20%,8.60%,$341.95 ,89,54,57,73,50,45,36,2.60%,0.91%,77,$151.83 ,5.00%,44,60,6.25%,87,26.5,104.48%
MA,Suffolk,Boston - Beacon Hill,02108,92,"$1,540,000",0.67%,1.00%,$737.99 ,92,67,67,39,71,84,99,2.70%,0.99%,74,$170.38 ,5.00%,46,76,6.25%,70,25.5,100.69%
MA,Suffolk,Boston - Financial District,02109,91,"$899,300",0.66%,2.40%,$722.65 ,92,67,67,42,64,71,77,2.70%,0.99%,81,$162.18 ,5.00%,47,75,6.25%,70,25.2,99.51%
MA,Suffolk,Boston - Financial District,02110,88,"$1,370,000",0.61%,1.80%,"$1,040.00 ",92,67,69,36,58,67,66,2.70%,0.99%,85,$126.16 ,5.00%,46,80,6.25%,83,24.3,95.78%
MA,Suffolk,Boston - Chinatown,02111,89,"$946,200",0.67%,-1.00%,$723.13 ,81,75,67,37,72,77,70,2.70%,0.99%,80,$72.32 ,5.00%,47,77,6.25%,70,25.3,99.72%
MA,Suffolk,NOT RECOGNIZED,02112,,,,,,,,,,,,,,,,,,,,,,0.0,0.00%
MA,Suffolk,Boston - North End,02113,86,"$631,300",0.67%,2.40%,$423.53 ,92,64,68,41,71,45,36,2.70%,0.99%,79,$106.63 ,5.00%,46,69,6.25%,76,23.4,92.41%
MA,Suffolk,Boston - West End,02114,92,"$799,100",0.67%,1.60%,$546.01 ,92,68,68,38,69,72,99,2.70%,0.99%,81,$121.42 ,5.00%,48,74,6.25%,72,24.8,97.97%
MA,Suffolk,Boston - Longwood,02115,91,"$863,500",0.75%,-3.50%,$577.72 ,91,65,62,47,72,80,94,2.70%,0.99%,80,$51.45 ,5.00%,48,76,6.25%,71,25.7,101.59%
MA,Suffolk,Boston - Back Bay,02116,94,"$1,270,000",0.67%,-2.50%,$881.13 ,92,75,67,41,72,100,100,2.70%,0.99%,79,$131.65 ,5.00%,45,78,6.25%,72,27.3,107.87%
MA,Suffolk,Boston - South End,02118,88,"$932,400",0.73%,-1.20%,$670.71 ,85,63,60,48,70,81,70,2.70%,0.99%,75,$74.16 ,5.00%,49,79,6.25%,75,25.5,100.84%
MA,Suffolk,Boston - Roxbury,02119,84,"$592,900",0.67%,1.70%,$252.30 ,51,58,62,57,74,50,49,2.70%,0.99%,81,$37.16 ,5.00%,47,67,6.25%,88,25.1,99.11%
MA,Suffolk,Boston - Mission Hill,02120,79,"$692,400",0.67%,-6.60%,$276.81 ,67,51,60,51,73,33,22,2.70%,0.99%,82,$51.70 ,5.00%,46,70,6.25%,84,22.3,88.20%
MA,Suffolk,Boston - Dorchester,02121,78,"$543,900",0.67%,-0.90%,$172.12 ,48,57,60,59,70,35,25,2.70%,0.99%,70,$42.41 ,5.00%,49,58,6.25%,97,24.2,95.41%
MA,Suffolk,Boston - Dorchester,02122,83,"$602,700",0.58%,2.70%,$318.53 ,51,59,62,63,71,51,42,2.70%,0.99%,71,$81.03 ,5.00%,50,66,6.25%,90,26.2,103.51%
MA,Suffolk,NOT RECOGNIZED,02123,,,,,,,,,,,,,,,,,,,,,,0.0,0.00%
MA,Suffolk,Boston - Dorchester,02124,81,"$619,300",0.55%,3.10%,$258.74 ,50,63,61,58,71,48,35,2.70%,0.99%,68,$72.19 ,5.00%,47,64,6.25%,100,25.3,99.98%
MA,Suffolk,Boston - Dorchester,02125,85,"$567,000",0.67%,0.90%,$262.11 ,61,61,61,58,73,48,50,2.70%,0.99%,80,$64.98 ,5.00%,47,68,6.25%,89,25.2,99.47%
MA,Suffolk,Boston - Mattapan,02126,79,"$523,200",0.67%,4.30%,$193.19 ,48,61,60,59,68,34,22,2.70%,0.99%,67,$66.69 ,5.00%,46,63,6.25%,98,24.4,96.18%
MA,Suffolk,Boston - Southie,02127,90,"$759,800",0.71%,1.60%,$519.03 ,89,61,67,55,71,67,62,2.70%,0.99%,80,$145.36 ,5.00%,45,70,6.25%,81,26.7,105.51%
MA,Suffolk,Boston - East Boston,02128,88,"$584,100",0.57%,1.60%,$316.18 ,49,63,68,51,69,83,85,2.70%,0.99%,69,$84.02 ,5.00%,42,67,6.25%,87,27.3,107.83%
MA,Suffolk,Boston - Charlestown,02129,87,"$897,800",0.66%,2.80%,$643.09 ,91,61,66,48,71,51,64,2.70%,0.99%,70,$146.82 ,5.00%,43,77,6.25%,83,24.4,96.52%
MA,Suffolk,Boston - Jamaica Plain,02130,90,"$771,900",0.58%,1.50%,$459.76 ,92,71,62,60,68,72,72,2.70%,0.99%,67,$114.93 ,5.00%,46,71,6.25%,86,27.8,109.65%
MA,Suffolk,Boston - Roslindale,02131,84,"$692,300",0.67%,4.30%,$384.16 ,70,66,60,59,71,48,38,2.70%,0.99%,70,$101.57 ,5.00%,48,70,6.25%,90,25.5,100.82%
MA,Suffolk,Boston - West Roxbury,02132,86,"$710,600",0.55%,6.20%,$426.53 ,80,72,61,62,61,46,33,2.70%,0.99%,77,$132.46 ,5.00%,48,67,6.25%,80,26.4,104.38%
MA,Suffolk,Boston - Allston,02134,87,"$565,200",0.72%,-7.60%,$371.97 ,92,64,60,54,70,65,70,2.70%,0.99%,76,$80.03 ,5.00%,49,68,6.25%,86,25.6,101.15%
MA,Suffolk,Boston - Brighton,02135,90,"$556,900",0.65%,-2.40%,$301.77 ,92,76,61,58,73,65,65,2.70%,0.99%,77,$87.60 ,5.00%,49,61,6.25%,86,27.2,107.36%
MA,Suffolk,Boston - Hyde Park,02136,82,"$604,500",0.67%,3.90%,$337.26 ,54,66,60,62,64,48,33,2.70%,0.99%,67,$91.58 ,5.00%,45,59,6.25%,93,26.0,102.77%
MA,Middlesex,Cambridge,02138,97,"$983,900",1.08%,1.50%,$589.67 ,96,77,62,57,84,100,100,2.50%,0.86%,78,$118.32 ,5.00%,49,79,6.25%,52,29.4,115.96%
MA,Middlesex,Cambridge,02139,96,"$890,000",1.08%,0.10%,$613.45 ,96,75,61,54,87,95,100,2.50%,0.86%,77,$117.12 ,5.00%,48,74,6.25%,54,28.3,111.72%
MA,Middlesex,Cambridge,02140,88,"$946,000",1.08%,1.00%,$371.99 ,96,76,61,57,82,51,40,2.50%,0.86%,79,$137.79 ,5.00%,47,77,6.25%,62,26.2,103.33%
MA,Middlesex,Cambridge,02141,90,"$842,200",1.08%,2.90%,$332.80 ,96,65,67,51,89,55,45,2.50%,0.86%,86,$103.45 ,5.00%,46,77,6.25%,55,25.6,101.02%
MA,Middlesex,Cambridge,02142,87,"$1,110,000",1.08%,5.90%,$863.82 ,96,73,68,52,85,46,32,2.50%,0.86%,76,$150.29 ,5.00%,48,79,6.25%,50,25.9,102.09%
MA,Middlesex,Somerville,02143,93,"$841,600",1.08%,1.40%,$355.99 ,96,68,62,56,88,72,72,2.50%,0.86%,83,$118.44 ,5.00%,48,71,6.25%,61,26.9,106.29%
MA,Middlesex,Somerville,02144,88,"$1,030,000",1.08%,-0.80%,$483.48 ,96,69,62,57,83,51,55,2.50%,0.86%,80,$133.63 ,5.00%,46,74,6.25%,67,25.9,102.13%
MA,Middlesex,Somerville,02145,86,"$763,800",1.08%,3.90%,$281.35 ,71,63,67,56,83,50,43,2.50%,0.86%,77,$113.47 ,5.00%,43,73,6.25%,64,26.0,102.57%
MA,Middlesex,Malden,02148,91,"$641,300",1.08%,7.40%,$342.10 ,65,68,68,64,82,74,64,2.50%,0.86%,78,$90.30 ,5.00%,40,61,6.25%,69,29.2,115.39%
MA,Middlesex,Everett,02149,89,"$559,700",0.86%,6.40%,$226.58 ,49,67,67,56,81,71,59,2.50%,0.86%,80,$77.80 ,5.00%,43,59,6.25%,71,27.5,108.64%
MA,Suffolk,Chelsea,02150,85,"$500,200",0.63%,4.40%,$237.68 ,48,57,69,53,70,58,49,2.70%,0.99%,76,$70.97 ,5.00%,40,58,6.25%,88,25.9,102.16%
MA,Suffolk,Revere,02151,87,"$593,400",0.67%,5.60%,$229.11 ,48,66,68,61,73,64,57,2.70%,0.99%,74,$78.88 ,5.00%,42,65,6.25%,87,28.0,110.52%
MA,Suffolk,Winthrop,02152,83,"$630,200",0.67%,5.90%,$357.72 ,62,62,69,55,66,41,36,2.70%,0.99%,74,$98.90 ,5.00%,43,61,6.25%,90,25.5,100.63%
MA,Middlesex,NOT RECOGNIZED,02153,,,,,,,,,,,,,,,,,,,,,,0.0,0.00%
MA,Middlesex,Medford,02155,94,"$717,500",0.87%,6.10%,$414.58 ,80,71,61,59,76,91,84,2.50%,0.86%,74,$115.05 ,5.00%,45,66,6.25%,66,28.6,113.01%
MA,Middlesex,NOT RECOGNIZED,02156,,,,,,,,,,,,,,,,,,,,,,0.0,0.00%
MA,Suffolk,Boston - Allston,02163,79,"$738,600",0.67%,1.80%,$218.89 ,92,64,62,57,71,24,12,2.70%,0.99%,61,$67.97 ,5.00%,47,71,6.25%,87,23.9,94.36%
MA,Norfolk,Quincy,02169,93,"$576,500",1.12%,6.00%,$315.94 ,72,59,64,65,67,99,96,2.60%,0.91%,78,$86.34 ,5.00%,39,65,6.25%,88,29.8,117.52%
MA,Norfolk,Quincy,02170,83,"$666,700",1.06%,6.90%,$387.27 ,77,55,68,66,69,36,28,2.60%,0.91%,75,$97.36 ,5.00%,41,67,6.25%,91,26.4,104.26%
MA,Plymouth,Quincy,02171,84,"$640,300",1.11%,6.20%,$245.97 ,77,57,67,66,70,42,34,2.60%,0.91%,72,$101.01 ,5.00%,41,66,6.25%,85,26.7,105.64%
MA,Middlesex,Stoneham,02180,88,"$655,700",1.00%,6.50%,$360.35 ,75,75,61,66,65,49,41,2.50%,0.86%,81,$112.94 ,5.00%,38,70,6.25%,63,27.5,108.46%
MA,Middlesex,Braintree,02184,91,"$651,300",1.12%,6.90%,$361.94 ,86,63,63,67,58,85,70,2.60%,0.91%,77,$120.59 ,5.00%,40,62,6.25%,84,29.3,115.89%
MA,Middlesex,NOT RECOGNIZED,02185,,,,,,,,,,,,,,,,,,,,,,0.0,0.00%
MA,Norfolk,Milton,02186,84,"$943,100",1.06%,9.00%,$399.64 ,92,65,60,67,56,36,37,2.60%,0.91%,75,$170.14 ,5.00%,45,75,6.25%,88,26.1,102.89%
MA,Norfolk,NOT RECOGNIZED,02187,,,,,,,,,,,,,,,,,,,,,,0.0,0.00%
MA,Middlesex,Weymouth,02188,82,"$530,400",1.04%,7.20%,$349.08 ,68,57,65,69,50,37,26,2.60%,0.91%,75,$100.65 ,5.00%,41,61,6.25%,85,26.7,105.25%
MA,Middlesex,Weymouth,02189,81,"$566,600",1.10%,8.80%,$383.99 ,59,60,64,68,52,40,29,2.60%,0.91%,73,$87.31 ,5.00%,42,64,6.25%,85,26.7,105.51%
MA,Middlesex,Weymouth,02190,84,"$607,000",0.96%,7.40%,$404.65 ,70,64,64,74,51,34,26,2.60%,0.91%,81,$95.89 ,5.00%,39,58,6.25%,83,27.6,108.99%
MA,Middlesex,Weymouth,02191,82,"$531,100",1.03%,8.80%,$346.47 ,72,55,63,73,55,31,21,2.60%,0.91%,79,$106.60 ,5.00%,43,60,6.25%,84,26.5,104.77%
MA,Suffolk,Boston - Prudential,02199,78,"$3,270,000",0.67%,-0.90%,"$1,490.00 ",92,78,61,36,68,36,20,2.70%,0.99%,82,$111.79 ,5.00%,50,100,6.25%,81,21.9,86.54%
MA,Suffolk,NOT RECOGNIZED,02201,,,,,,,,,,,,,,,,,,,,,,0.0,0.00%
MA,Suffolk,Boston - Govt Center,02203,81,"$635,100",0.67%,1.80%,$188.22 ,79,68,68,57,73,22,12,2.70%,0.99%,73,$87.67 ,5.00%,45,67,6.25%,85,24.9,98.31%
MA,Suffolk,NOT RECOGNIZED,02204,,,,,,,,,,,,,,,,,,,,,,0.0,0.00%
MA,Suffolk,NOT RECOGNIZED,02205,,,,,,,,,,,,,,,,,,,,,,0.0,0.00%
MA,Suffolk,NOT RECOGNIZED,02206,,,,,,,,,,,,,,,,,,,,,,0.0,0.00%
MA,Suffolk,Boston - Seaport,02210,88,"$1,570,000",0.67%,-1.00%,"$1,270.00 ",92,65,69,52,28,65,79,2.70%,0.99%,78,$179.64 ,5.00%,44,84,6.25%,72,26.6,105.22%
MA,Suffolk,NOT RECOGNIZED,02211,,,,,,,,,,,,,,,,,,,,,,0.0,0.00%
MA,Suffolk,NOT RECOGNIZED,02212,,,,,,,,,,,,,,,,,,,,,,0.0,0.00%
MA,Suffolk,Boston - Fenway,02215,93,"$631,100",0.67%,-1.40%,$487.59 ,92,62,62,47,75,85,100,2.70%,0.99%,77,$64.14 ,5.00%,46,69,6.25%,73,25.8,102.04%
MA,Suffolk,NOT RECOGNIZED,02217,,,,,,,,,,,,,,,,,,,,,,0.0,0.00%
MA,Suffolk,NOT RECOGNIZED,02222,,,,,,,,,,,,,,,,,,,,,,0.0,0.00%
MA,Middlesex,NOT RECOGNIZED,02238,,,,,,,,,,,,,,,,,,,,,,0.0,0.00%
MA,Suffolk,NOT RECOGNIZED,02241,,,,,,,,,,,,,,,,,,,,,,0.0,0.00%
MA,Middlesex,NOT RECOGNIZED,02254,,,,,,,,,,,,,,,,,,,,,,0.0,0.00%
MA,Middlesex,NOT RECOGNIZED,02258,,,,,,,,,,,,,,,,,,,,,,0.0,0.00%
MA,Suffolk,NOT RECOGNIZED,02266,,,,,,,,,,,,,,,,,,,,,,0.0,0.00%
MA,Norfolk,NOT RECOGNIZED,02269,,,,,,,,,,,,,,,,,,,,,,0.0,0.00%
MA,Suffolk,NOT RECOGNIZED,02283,,,,,,,,,,,,,,,,,,,,,,0.0,0.00%
MA,Suffolk,NOT RECOGNIZED,02284,,,,,,,,,,,,,,,,,,,,,,0.0,0.00%
MA,Middlesex,NOT RECOGNIZED,02293,,,,,,,,,,,,,,,,,,,,,,0.0,0.00%
MA,Suffolk,NOT RECOGNIZED,02293,,,,,,,,,,,,,,,,,,,,,,0.0,0.00%
MA,Middlesex,NOT RECOGNIZED,02295,,,,,,,,,,,,,,,,,,,,,,0.0,0.00%
MA,Suffolk,NOT RECOGNIZED,02297,,,,,,,,,,,,,,,,,,,,,,0.0,0.00%
MA,Suffolk,NOT RECOGNIZED,02298,,,,,,,,,,,,,,,,,,,,,,0.0,0.00%
MA,Plymouth,Brockton,02301,85,"$487,200",1.24%,6.40%,$268.10 ,40,53,60,66,49,84,76,2.80%,0.69%,75,$70.84 ,5.00%,43,56,6.25%,83,28.0,110.77%
MA,Plymouth,Brockton,02302,78,"$459,800",1.24%,6.40%,$281.74 ,40,50,58,70,50,38,26,2.80%,0.69%,78,$80.70 ,5.00%,45,55,6.25%,93,25.4,100.39%
MA,Plymouth,NOT RECOGNIZED,02303,,,,,,,,,,,,,,,,,,,,,,0.0,0.00%
MA,Plymouth,NOT RECOGNIZED,02304,,,,,,,,,,,,,,,,,,,,,,0.0,0.00%
MA,Plymouth,NOT RECOGNIZED,02305,,,,,,,,,,,,,,,,,,,,,,0.0,0.00%
MA,Norfolk,Avon,02322,80,"$535,300",1.12%,8.00%,$345.18 ,64,57,59,68,47,28,22,2.60%,0.91%,78,$125.00 ,5.00%,43,63,6.25%,84,25.1,99.02%
MA,Plymouth,Bridgewater,02324,82,"$561,000",1.24%,6.20%,$301.28 ,68,63,58,74,45,44,33,2.80%,0.69%,75,$110.63 ,5.00%,40,64,6.25%,83,27.3,107.73%
MA,Plymouth,NOT RECOGNIZED,02327,,,,,,,,,,,,,,,,,,,,,,0.0,0.00%
MA,Plymouth,Carver,02330,77,"$542,300",1.55%,8.70%,$319.50 ,47,54,58,75,40,30,22,2.80%,0.69%,75,$69.63 ,5.00%,42,62,6.25%,84,26.0,102.74%
MA,Plymouth,NOT RECOGNIZED,02331,,,,,,,,,,,,,,,,,,,,,,0.0,0.00%
MA,Plymouth,Duxbury,02332,84,"$963,500",1.19%,10.80%,$414.10 ,89,67,60,75,44,34,39,2.80%,0.69%,77,$148.51 ,5.00%,45,71,6.25%,89,27.4,108.12%
MA,Plymouth,East Bridgewater,02333,79,"$551,900",1.14%,6.20%,$331.71 ,70,57,58,70,44,34,24,2.80%,0.69%,76,$122.69 ,5.00%,42,62,6.25%,85,25.6,101.20%
MA,Plymouth,NOT RECOGNIZED,02337,,,,,,,,,,,,,,,,,,,,,,0.0,0.00%
MA,Plymouth,Halifax,02338,78,"$524,500",1.54%,7.10%,$328.51 ,68,50,58,74,44,26,18,2.80%,0.69%,76,$110.76 ,5.00%,39,58,6.25%,81,25.3,100.11%
MA,Plymouth,Hanover,02339,85,"$744,300",1.35%,8.50%,$347.24 ,76,63,66,68,48,55,46,2.80%,0.69%,76,$163.61 ,5.00%,47,67,6.25%,87,28.1,111.02%
MA,Plymouth,Hanson,02341,80,"$512,500",1.27%,7.00%,$313.02 ,68,53,66,71,47,31,22,2.80%,0.69%,74,$117.71 ,5.00%,47,61,6.25%,81,26.5,104.67%
MA,Norfolk,Holbrook,02343,80,"$487,300",1.12%,7.30%,$295.14 ,57,54,64,73,56,33,22,2.60%,0.91%,75,$96.74 ,5.00%,42,62,6.25%,87,26.7,105.57%
MA,Plymouth,NOT RECOGNIZED,02344,,,,,,,,,,,,,,,,,,,,,,0.0,0.00%
MA,Plymouth,NOT RECOGNIZED,02345,,,,,,,,,,,,,,,,,,,,,,0.0,0.00%
MA,Plymouth,Middleboro,02346,79,"$496,800",1.32%,6.10%,$248.98 ,52,52,57,65,43,42,41,2.80%,0.69%,77,$89.29 ,5.00%,38,60,6.25%,83,24.8,98.04%
MA,Plymouth,Lakeville,02347,80,"$543,400",1.11%,7.20%,$317.72 ,68,58,61,72,43,32,22,2.80%,0.69%,76,$119.71 ,5.00%,41,59,6.25%,85,26.3,103.98%
MA,Plymouth,NOT RECOGNIZED,02350,,,,,,,,,,,,,,,,,,,,,,0.0,0.00%
MA,Plymouth,Abington,02351,81,"$528,900",1.43%,7.50%,$307.26 ,58,55,65,66,55,43,33,2.80%,0.69%,76,$120.54 ,5.00%,43,61,6.25%,85,26.4,104.24%
MA,Plymouth,NOT RECOGNIZED,02355,,,,,,,,,,,,,,,,,,,,,,0.0,0.00%
MA,Plymouth,NOT RECOGNIZED,02358,,,,,,,,,,,,,,,,,,,,,,0.0,0.00%
MA,Plymouth,Pembroke,02359,82,"$561,900",1.19%,6.60%,$308.87 ,69,57,60,68,44,48,36,2.80%,0.69%,76,$140.05 ,5.00%,45,62,6.25%,90,26.4,104.41%
MA,Plymouth,Plymouth,02360,91,"$563,600",1.37%,7.60%,$281.78 ,61,65,58,72,44,100,100,2.80%,0.69%,76,$107.07 ,5.00%,47,61,6.25%,83,30.5,120.43%
MA,Plymouth,NOT RECOGNIZED,02361,,,,,,,,,,,,,,,,,,,,,,0.0,0.00%
MA,Plymouth,NOT RECOGNIZED,02362,,,,,,,,,,,,,,,,,,,,,,0.0,0.00%
MA,Plymouth,Kingston,02364,82,"$597,300",1.36%,7.20%,$309.72 ,68,63,61,75,46,43,28,2.80%,0.69%,77,$111.49 ,5.00%,45,64,6.25%,83,27.8,109.85%
MA,Plymouth,South Carver,02366,62,"$654,200",1.30%,7.30%,-,56,72,64,76,49,19,10,2.80%,0.69%,65,$105.39 ,5.00%,46,59,6.25%,79,27.5,108.70%
MA,Plymouth,Plympton,02367,78,"$569,400",1.40%,8.40%,$248.81 ,68,59,60,72,46,20,12,2.80%,0.69%,76,$108.96 ,5.00%,36,65,6.25%,85,25.5,100.77%
MA,Norfolk,Randolph,02368,83,"$487,700",1.25%,7.50%,$304.64 ,58,69,60,71,49,46,39,2.60%,0.91%,78,$95.21 ,5.00%,40,62,6.25%,95,27.6,108.91%
MA,Plymouth,Rockland,02370,79,"$519,100",1.46%,7.10%,$307.35 ,52,52,65,68,47,41,30,2.80%,0.69%,76,$98.30 ,5.00%,46,58,6.25%,73,26.4,104.30%
MA,Plymouth,West Bridgewater,02379,81,"$493,400",1.40%,6.60%,$231.20 ,80,53,60,68,45,36,27,2.80%,0.69%,77,$120.41 ,5.00%,46,61,6.25%,79,25.4,100.51%
MA,Plymouth,NOT RECOGNIZED,02381,,,,,,,,,,,,,,,,,,,,,,0.0,0.00%
MA,Plymouth,Whitman,02382,79,"$494,000",1.22%,6.70%,$252.96 ,59,55,66,65,45,33,22,2.80%,0.69%,76,$101.09 ,5.00%,47,58,6.25%,80,25.8,101.75%
MA,Middlesex,Lexington,02420,87,"$1,410,000",1.08%,11.00%,$584.24 ,96,89,61,65,62,40,43,2.50%,0.86%,71,$221.46 ,5.00%,47,83,6.25%,61,27.6,109.18%
MA,Middlesex,Lexington,02421,88,"$1,410,000",1.08%,10.90%,$592.93 ,96,86,62,65,65,35,32,2.50%,0.86%,84,$200.29 ,5.00%,47,77,6.25%,57,27.3,107.79%
MA,Middlesex,Brookline,02445,86,"$1,130,000",1.12%,-0.50%,$609.67 ,95,67,62,58,73,52,54,2.60%,0.91%,77,$132.97 ,5.00%,48,82,6.25%,84,26.0,102.52%
MA,Middlesex,Brookline,02446,86,"$920,600",1.12%,-2.00%,$498.15 ,95,66,61,55,70,63,53,2.60%,0.91%,77,$116.64 ,5.00%,46,80,6.25%,75,25.9,102.39%
MA,Middlesex,NOT RECOGNIZED,02447,,,,,,,,,,,,,,,,,,,,,,0.0,0.00%
MA,Middlesex,Waltham,02451,87,"$680,100",1.08%,7.80%,$352.42 ,81,77,59,67,63,54,38,2.50%,0.86%,74,$117.93 ,5.00%,50,68,6.25%,54,27.8,109.69%
MA,Middlesex,Waltham,02452,85,"$788,400",1.08%,7.20%,$402.76 ,83,77,60,68,59,36,33,2.50%,0.86%,74,$103.67 ,5.00%,51,73,6.25%,54,27.0,106.57%
MA,Middlesex,Waltham,02453,91,"$703,500",1.08%,8.00%,$350.02 ,80,77,60,63,69,60,66,2.50%,0.86%,80,$111.29 ,5.00%,48,66,6.25%,52,27.6,109.09%
MA,Middlesex,NOT RECOGNIZED,02454,,,,,,,,,,,,,,,,,,,,,,0.0,0.00%
MA,Middlesex,NOT RECOGNIZED,02455,,,,,,,,,,,,,,,,,,,,,,0.0,0.00%
MA,Middlesex,NOT RECOGNIZED,02456,,,,,,,,,,,,,,,,,,,,,,0.0,0.00%
MA,Middlesex,Wellesley,02457,79,"$802,900",1.12%,6.90%,$252.08 ,81,65,57,69,44,22,12,2.60%,0.91%,71,$120.62 ,5.00%,39,65,6.25%,81,25.1,99.11%
MA,Middlesex,Newton,02458,87,"$1,190,000",0.96%,5.60%,$490.58 ,96,86,60,61,65,39,33,2.50%,0.86%,78,$133.94 ,5.00%,48,75,6.25%,53,26.6,105.01%
MA,Middlesex,Newton Center,02459,89,"$1,650,000",1.08%,12.40%,$624.32 ,96,92,61,68,70,45,35,2.50%,0.86%,75,$210.79 ,5.00%,46,88,6.25%,63,28.6,113.10%
MA,Middlesex,Newton Newtonville,02460,85,"$1,150,000",1.08%,8.30%,$436.07 ,96,76,62,65,69,35,21,2.50%,0.86%,73,$149.00 ,5.00%,46,79,6.25%,58,26.7,105.26%
MA,Middlesex,Newton Highlands,02461,87,"$1,320,000",1.08%,12.00%,$580.06 ,96,80,60,65,79,35,22,2.50%,0.86%,82,$191.71 ,5.00%,50,83,6.25%,66,26.6,105.13%
MA,Middlesex,Newton Lower Falls,02462,85,"$1,320,000",1.08%,15.30%,$705.81 ,96,74,57,62,71,22,12,2.50%,0.86%,81,$136.38 ,5.00%,45,73,6.25%,54,24.5,96.82%
MA,Middlesex,Newton Upper Falls,02464,84,"$895,200",1.08%,7.60%,$203.66 ,91,75,60,65,70,34,22,2.50%,0.86%,71,$126.35 ,5.00%,42,72,6.25%,66,26.2,103.63%
MA,Middlesex,West Newton,02465,86,"$1,250,000",0.92%,9.20%,$506.85 ,96,76,61,61,67,31,20,2.50%,0.86%,82,$178.33 ,5.00%,47,84,6.25%,58,25.6,101.12%
MA,Middlesex,Newton Auburndale,02466,85,"$1,170,000",1.08%,10.40%,$410.57 ,96,78,59,60,72,32,19,2.50%,0.86%,72,$144.93 ,5.00%,49,80,6.25%,51,25.3,100.08%
MA,Middlesex,Brookline,02467,90,"$1,160,000",1.08%,7.20%,$538.49 ,96,76,60,62,71,53,54,2.50%,0.86%,80,$171.25 ,5.00%,46,82,6.25%,56,27.0,106.50%
MA,Middlesex,Newton Waban,02468,84,"$1,850,000",1.08%,11.20%,$591.79 ,96,81,60,65,70,24,13,2.50%,0.86%,80,$250.00 ,5.00%,45,90,6.25%,62,26.0,102.74%
MA,Middlesex,Not RECOGNIZED,02471,,,,,,,,,,,,,,,,,,,,,,0.0,0.00%
MA,Middlesex,Watertown,02472,93,"$728,400",0.90%,6.10%,$409.89 ,95,76,60,61,76,73,67,2.50%,0.86%,80,$117.58 ,5.00%,48,73,6.25%,59,28.0,110.67%
MA,Middlesex,Arlington,02474,90,"$909,900",1.04%,8.80%,$477.15 ,96,80,60,65,80,47,40,2.50%,0.86%,80,$134.17 ,5.00%,48,76,6.25%,60,27.4,108.02%
MA,Middlesex,NOT RECOGNIZED,02475,,,,,,,,,,,,,,,,,,,,,,0.0,0.00%
MA,Middlesex,Arlington,02476,89,"$938,300",1.08%,9.30%,$488.46 ,96,80,60,64,78,38,41,2.50%,0.86%,77,$138.96 ,5.00%,47,78,6.25%,60,26.6,105.20%
MA,Middlesex,NOT RECOGNIZED,02477,,,,,,,,,,,,,,,,,,,,,,0.0,0.00%
MA,Middlesex,Belmont,02478,88,"$1,410,000",1.08%,8.40%,$666.64 ,96,78,60,64,73,49,36,2.50%,0.86%,80,$164.72 ,5.00%,48,83,6.25%,56,27.2,107.35%
MA,Middlesex,NOT RECOGNIZED,02479,,,,,,,,,,,,,,,,,,,,,,0.0,0.00%
MA,Middlesex,Wellesley,02481,84,"$1,840,000",1.12%,8.30%,$568.53 ,95,77,58,67,55,40,32,2.60%,0.91%,76,$250.00 ,5.00%,43,90,6.25%,75,26.8,105.75%
MA,Middlesex,Wellesley,02482,85,"$1,470,000",1.12%,9.60%,$618.82 ,95,72,58,68,55,45,32,2.60%,0.91%,73,$230.63 ,5.00%,44,80,6.25%,77,26.9,106.34%
MA,Middlesex,Needham,02492,84,"$1,490,000",1.12%,11.00%,$572.05 ,95,72,55,63,55,41,27,2.60%,0.91%,77,$207.84 ,5.00%,43,81,6.25%,82,25.4,100.41%
MA,Middlesex,Weston,02493,84,"$2,190,000",1.08%,10.10%,$611.70 ,96,74,59,71,63,27,27,2.50%,0.86%,79,$250.00 ,5.00%,44,92,6.25%,60,26.6,105.03%
MA,Middlesex,Needham,02494,85,"$1,160,000",1.12%,12.00%,$404.90 ,95,70,61,61,56,41,23,2.60%,0.91%,78,$203.69 ,5.00%,41,75,6.25%,77,25.8,102.01%
MA,Plymouth,East Wareham,02538,76,"$394,800",1.11%,7.70%,$331.81 ,37,40,63,74,37,30,20,2.80%,0.69%,72,$103.20 ,5.00%,48,57,6.25%,74,25.7,101.39%
MA,Plymouth,Onset ,02558,77,"$509,300",1.30%,7.30%,$365.16 ,56,57,62,73,36,24,15,2.80%,0.69%,78,$72.59 ,5.00%,49,54,6.25%,83,26.1,103.02%
MA,Plymouth,Wareham,02571,80,"$437,900",1.30%,7.20%,$330.05 ,49,48,63,74,43,41,32,2.80%,0.69%,80,$82.59 ,5.00%,46,58,6.25%,73,26.9,106.06%
MA,Plymouth,West Wareham,02576,75,"$460,500",1.35%,7.60%,$309.41 ,43,51,64,68,44,22,11,2.80%,0.69%,72,$59.98 ,5.00%,39,56,6.25%,81,25.0,98.90%
MA,Plymouth,Marion,02738,82,"$774,800",1.30%,8.90%,$356.48 ,84,64,64,74,44,27,26,2.80%,0.69%,77,$111.35 ,5.00%,46,65,6.25%,82,27.2,107.30%
MA,Plymouth,Mattapoisett,02739,82,"$649,600",1.08%,8.70%,$313.03 ,78,58,67,73,43,29,24,2.80%,0.69%,76,$110.18 ,5.00%,47,61,6.25%,75,27.2,107.32%
MA,Norfolk,Plainville,02762,82,"$514,200",1.31%,7.10%,$293.93 ,71,61,57,73,45,37,26,2.60%,0.91%,80,$99.72 ,5.00%,40,57,6.25%,71,26.4,104.32%
MA,Plymouth,Rochester,02770,80,"$608,500",1.27%,6.40%,$292.18 ,68,76,60,74,40,22,15,2.80%,0.69%,76,$114.31 ,5.00%,43,60,6.25%,80,27.1,106.86%